RESET MASTER;
RESET MASTER;
CREATE TABLE t1 (id INT PRIMARY KEY) ENGINE=InnoDB;
INSERT INTO t1 VALUES (1);
CREATE TABLE t2 (id INT) ENGINE=InnoDB;
INSERT INTO t2 VALUES (1);
INSERT INTO t2 VALUES (1);
SELECT COUNT(*) = 1 FROM t1;
COUNT(*) = 1
1
SELECT COUNT(*) = 2 FROM t2;
COUNT(*) = 2
1
ALTER TABLE t1 ADD COLUMN f2 INTEGER;
FLUSH LOGS;
SHOW BINLOG EVENTS IN 'mysqld-bin.000002' FROM 124;
Log_name	Pos	Event_type	Server_id	End_log_pos	Info
mysqld-bin.000002	124	Previous_gtids	1	155	
SELECT COUNT(*) = 2 FROM INFORMATION_SCHEMA.COLUMNS WHERE TABLE_NAME = 't1';
COUNT(*) = 2
1
SHOW BINLOG EVENTS IN 'mysqld-bin.000001' FROM 124;
Log_name	Pos	Event_type	Server_id	End_log_pos	Info
mysqld-bin.000001	124	Previous_gtids	2	155	
mysqld-bin.000001	155	Anonymous_Gtid	1	228	SET @@SESSION.GTID_NEXT= 'ANONYMOUS'
mysqld-bin.000001	228	Query	1	366	use `test`; CREATE TABLE t1 (id INT PRIMARY KEY) ENGINE=InnoDB /* xid=# */
mysqld-bin.000001	366	Anonymous_Gtid	1	441	SET @@SESSION.GTID_NEXT= 'ANONYMOUS'
mysqld-bin.000001	441	Query	1	518	BEGIN
mysqld-bin.000001	518	Table_map	1	566	table_id: # (test.t1)
mysqld-bin.000001	566	Write_rows	1	606	table_id: # flags: STMT_END_F
mysqld-bin.000001	606	Xid	1	637	COMMIT /* xid=# */
mysqld-bin.000001	637	Anonymous_Gtid	1	710	SET @@SESSION.GTID_NEXT= 'ANONYMOUS'
mysqld-bin.000001	710	Query	1	836	use `test`; CREATE TABLE t2 (id INT) ENGINE=InnoDB /* xid=# */
mysqld-bin.000001	836	Anonymous_Gtid	1	911	SET @@SESSION.GTID_NEXT= 'ANONYMOUS'
mysqld-bin.000001	911	Query	1	988	BEGIN
mysqld-bin.000001	988	Table_map	1	1036	table_id: # (test.t2)
mysqld-bin.000001	1036	Write_rows	1	1076	table_id: # flags: STMT_END_F
mysqld-bin.000001	1076	Xid	1	1107	COMMIT /* xid=# */
mysqld-bin.000001	1107	Anonymous_Gtid	1	1182	SET @@SESSION.GTID_NEXT= 'ANONYMOUS'
mysqld-bin.000001	1182	Query	1	1259	BEGIN
mysqld-bin.000001	1259	Table_map	1	1307	table_id: # (test.t2)
mysqld-bin.000001	1307	Write_rows	1	1347	table_id: # flags: STMT_END_F
mysqld-bin.000001	1347	Xid	1	1378	COMMIT /* xid=# */
mysqld-bin.000001	1378	Anonymous_Gtid	1	1451	SET @@SESSION.GTID_NEXT= 'ANONYMOUS'
mysqld-bin.000001	1451	Query	1	1575	use `test`; ALTER TABLE t1 ADD COLUMN f2 INTEGER /* xid=# */
DROP TABLE t1;
DROP TABLE t2;
RESET MASTER;
