#node-1
use test;
CREATE TABLE example (id INT NOT NULL PRIMARY KEY, name VARCHAR(64));
INSERT INTO example VALUES(0, 'zero');
BEGIN;
INSERT INTO example VALUES(1, 'first!');
SAVEPOINT savepoint001;
ROLLBACK TO SAVEPOINT savepoint001;
INSERT INTO example VALUES(2, 'second');
COMMIT;
SELECT * FROM example;
id	name
0	zero
1	first!
2	second
#node-2
SELECT * FROM example;
id	name
0	zero
1	first!
2	second
#node-1
DROP TABLE example;
#node-1
use test;
CREATE TABLE example (id INT NOT NULL PRIMARY KEY, name VARCHAR(64));
BEGIN;
SAVEPOINT savepoint001;
INSERT INTO example VALUES(2, 'second');
SELECT * FROM example;
id	name
2	second
ROLLBACK TO SAVEPOINT savepoint001;
COMMIT;
SELECT * FROM example;
id	name
#node-2
SELECT * FROM example;
id	name
#node-1
DROP TABLE example;
