CREATE TABLE t1 (f1 INTEGER PRIMARY KEY) ENGINE=InnoDB;
RESET MASTER;
RESET MASTER;
wsrep_last_applied_correct
1
SHOW BINLOG EVENTS FROM 124;
Log_name	Pos	Event_type	Server_id	End_log_pos	Info
mysqld-bin.000001	124	Previous_gtids	1	155	
RESET MASTER;
RESET MASTER;
wsrep_last_applied_correct
1
SELECT COUNT(*) = 1 FROM t1;
COUNT(*) = 1
1
SELECT COUNT(*) = 1 FROM t1;
COUNT(*) = 1
1
SHOW BINLOG EVENTS FROM 124;
Log_name	Pos	Event_type	Server_id	End_log_pos	Info
mysqld-bin.000001	124	Previous_gtids	1	155	
mysqld-bin.000001	155	Anonymous_Gtid	1	230	SET @@SESSION.GTID_NEXT= 'ANONYMOUS'
mysqld-bin.000001	230	Query	1	310	BEGIN
mysqld-bin.000001	310	Table_map	1	358	table_id: ### (test.t1)
mysqld-bin.000001	358	Write_rows	1	398	table_id: ### flags: STMT_END_F
mysqld-bin.000001	398	Xid	1	429	COMMIT /* xid=### */
SHOW BINLOG EVENTS FROM 124;
Log_name	Pos	Event_type	Server_id	End_log_pos	Info
mysqld-bin.000001	124	Previous_gtids	2	155	
mysqld-bin.000001	155	Anonymous_Gtid	1	230	SET @@SESSION.GTID_NEXT= 'ANONYMOUS'
mysqld-bin.000001	230	Query	1	305	BEGIN
mysqld-bin.000001	305	Table_map	1	353	table_id: ### (test.t1)
mysqld-bin.000001	353	Write_rows	1	393	table_id: ### flags: STMT_END_F
mysqld-bin.000001	393	Xid	1	424	COMMIT /* xid=### */
TRUNCATE TABLE t1;
RESET MASTER;
ERROR 23000: Duplicate entry '1' for key 'PRIMARY'
wsrep_last_applied_correct
1
SELECT COUNT(*) = 0 FROM t1;
COUNT(*) = 0
1
SHOW BINLOG EVENTS FROM 124;
Log_name	Pos	Event_type	Server_id	End_log_pos	Info
mysqld-bin.000001	124	Previous_gtids	1	155	
DROP TABLE t1;
