CREATE TABLE t1(x VARCHAR(36), primary key pk(x)) ENGINE=InnoDB;
CREATE TABLE t2(y VARCHAR(36) DEFAULT NULL,
FOREIGN KEY(y) REFERENCES t1(x)) ENGINE=InnoDB;
INSERT INTO t1 VALUES ("foo"), ("bar");
INSERT INTO t2 VALUES ("foo"), ("bar");
SELECT * FROM t1 ORDER BY x ASC;
x
bar
foo
SELECT * FROM t2 ORDER BY y ASC;
y
bar
foo
ALTER TABLE t1 CHANGE COLUMN x x VARCHAR(36) NOT NULL;
SELECT * FROM t1;
x
bar
foo
SELECT * FROM t2;
y
bar
foo
DROP TABLE t2, t1;
CREATE TABLE t1 (x INT PRIMARY KEY) ENGINE=InnoDB;
CREATE TABLE t2 (y INT PRIMARY KEY, z INT DEFAULT NULL,
FOREIGN KEY(z) REFERENCES t1(x)) ENGINE=InnoDB;
INSERT INTO t1 VALUES (0);
INSERT INTO t2 VALUES (0, NULL);
set wsrep_on=0;
ALTER TABLE t2 CHANGE COLUMN z z INT NOT NULL;
ERROR 22004: Invalid use of NULL value
set wsrep_on=1;
SELECT * FROM t1;
x
0
SELECT * FROM t2;
y	z
0	NULL
DROP TABLE t2, t1;
