DROP TABLE IF EXISTS t1, t2;
SET session wsrep_sync_wait=0;
CREATE TABLE t1 (f1 INTEGER);
INSERT INTO t1 VALUES (1), (2), (3), (4), (5), (6), (7), (8), (9), (10);
FLUSH TABLES t1 WITH READ LOCK;
CREATE TABLE t2 (f1 INTEGER);
ERROR HY000: Can't execute the query because you have a conflicting read lock
UNLOCK TABLES;
CREATE TABLE t2 (f1 INTEGER);
INSERT INTO t2 VALUES (1), (2), (3), (4), (5), (6), (7), (8), (9), (10);
SELECT COUNT(*) = 10 FROM t1;
COUNT(*) = 10
1
SELECT COUNT(*) = 10 FROM t2;
COUNT(*) = 10
1
DROP TABLE t1, t2;
