#node-1
use test;
CREATE TABLESPACE foo ADD DATAFILE 'foo.ibd' ENCRYPTION='Y';
create table t1 (i int, primary key pk(i)) tablespace foo encryption='y';
create table t2 (i int, primary key pk(i)) tablespace foo encryption='n';
ERROR HY000: InnoDB: Tablespace `foo` can contain only an ENCRYPTED tables.
insert into t1 values (1), (2), (3);
select * from t1;
i
1
2
3
show create table t1;
Table	Create Table
t1	CREATE TABLE `t1` (
  `i` int(11) NOT NULL,
  PRIMARY KEY (`i`)
) /*!50100 TABLESPACE `foo` */ ENGINE=InnoDB DEFAULT CHARSET=utf8mb4 COLLATE=utf8mb4_0900_ai_ci ENCRYPTION='y'
#node-2
select * from t1;
i
1
2
3
show create table t1;
Table	Create Table
t1	CREATE TABLE `t1` (
  `i` int(11) NOT NULL,
  PRIMARY KEY (`i`)
) /*!50100 TABLESPACE `foo` */ ENGINE=InnoDB DEFAULT CHARSET=utf8mb4 COLLATE=utf8mb4_0900_ai_ci ENCRYPTION='y'
create table t2 (i int, primary key pk(i)) tablespace foo encryption='y';
insert into t2 values (10), (20), (30);
#node-1
show create table t2;
Table	Create Table
t2	CREATE TABLE `t2` (
  `i` int(11) NOT NULL,
  PRIMARY KEY (`i`)
) /*!50100 TABLESPACE `foo` */ ENGINE=InnoDB DEFAULT CHARSET=utf8mb4 COLLATE=utf8mb4_0900_ai_ci ENCRYPTION='y'
drop table t1, t2;
drop tablespace foo;
#node-2 being killed
Killing server ...
#node-1
use test;
CREATE TABLESPACE foo ADD DATAFILE 'foo.ibd' ENCRYPTION='Y';
create table t1 (i int, primary key pk(i)) tablespace foo encryption='y';
create table t2 (i int, primary key pk(i)) tablespace foo encryption='n';
ERROR HY000: InnoDB: Tablespace `foo` can contain only an ENCRYPTED tables.
insert into t1 values (1), (2), (3);
select * from t1;
i
1
2
3
show create table t1;
Table	Create Table
t1	CREATE TABLE `t1` (
  `i` int(11) NOT NULL,
  PRIMARY KEY (`i`)
) /*!50100 TABLESPACE `foo` */ ENGINE=InnoDB DEFAULT CHARSET=utf8mb4 COLLATE=utf8mb4_0900_ai_ci ENCRYPTION='y'
#node-2 restarted (should get encrypted table through SST)
# restart
call mtr.add_suppression(".*can contain only an ENCRYPTED tables.*");
select * from t1;
i
1
2
3
show create table t1;
Table	Create Table
t1	CREATE TABLE `t1` (
  `i` int(11) NOT NULL,
  PRIMARY KEY (`i`)
) /*!50100 TABLESPACE `foo` */ ENGINE=InnoDB DEFAULT CHARSET=utf8mb4 COLLATE=utf8mb4_0900_ai_ci ENCRYPTION='y'
create table t2 (i int, primary key pk(i)) tablespace foo encryption='y';
insert into t2 values (10), (20), (30);
#node-1
show create table t2;
Table	Create Table
t2	CREATE TABLE `t2` (
  `i` int(11) NOT NULL,
  PRIMARY KEY (`i`)
) /*!50100 TABLESPACE `foo` */ ENGINE=InnoDB DEFAULT CHARSET=utf8mb4 COLLATE=utf8mb4_0900_ai_ci ENCRYPTION='y'
drop table t1, t2;
drop tablespace foo;
#node-2 being shutdown
#node-1
use test;
CREATE TABLESPACE foo ADD DATAFILE 'foo.ibd' ENCRYPTION='Y';
create table t1 (i int, primary key pk(i)) tablespace foo encryption='y';
create table t2 (i int, primary key pk(i)) tablespace foo encryption='n';
ERROR HY000: InnoDB: Tablespace `foo` can contain only an ENCRYPTED tables.
insert into t1 values (1);
select * from t1;
i
1
show create table t1;
Table	Create Table
t1	CREATE TABLE `t1` (
  `i` int(11) NOT NULL,
  PRIMARY KEY (`i`)
) /*!50100 TABLESPACE `foo` */ ENGINE=InnoDB DEFAULT CHARSET=utf8mb4 COLLATE=utf8mb4_0900_ai_ci ENCRYPTION='y'
#node-2 restarted (should get encrypted table through IST)
# restart
call mtr.add_suppression(".*can contain only an ENCRYPTED tables.*");
select * from t1;
i
1
show create table t1;
Table	Create Table
t1	CREATE TABLE `t1` (
  `i` int(11) NOT NULL,
  PRIMARY KEY (`i`)
) /*!50100 TABLESPACE `foo` */ ENGINE=InnoDB DEFAULT CHARSET=utf8mb4 COLLATE=utf8mb4_0900_ai_ci ENCRYPTION='y'
create table t2 (i int, primary key pk(i)) tablespace foo encryption='y';
insert into t2 values (10), (20), (30);
#node-1
show create table t2;
Table	Create Table
t2	CREATE TABLE `t2` (
  `i` int(11) NOT NULL,
  PRIMARY KEY (`i`)
) /*!50100 TABLESPACE `foo` */ ENGINE=InnoDB DEFAULT CHARSET=utf8mb4 COLLATE=utf8mb4_0900_ai_ci ENCRYPTION='y'
drop table t1, t2;
drop tablespace foo;
