#node-1
use test;
create table t (i int, primary key pk(i)) encryption='y';
insert into t values (1), (2), (3);
select * from t;
i
1
2
3
show create table t;
Table	Create Table
t	CREATE TABLE `t` (
  `i` int(11) NOT NULL,
  PRIMARY KEY (`i`)
) ENGINE=InnoDB DEFAULT CHARSET=latin1 ENCRYPTION='y'
#node-2
select * from t;
i
1
2
3
show create table t;
Table	Create Table
t	CREATE TABLE `t` (
  `i` int(11) NOT NULL,
  PRIMARY KEY (`i`)
) ENGINE=InnoDB DEFAULT CHARSET=latin1 ENCRYPTION='y'
drop table t;
#node-2 being killed
Killing server ...
#node-1
CREATE TABLE e1 (
id INT NOT NULL AUTO_INCREMENT,
text VARCHAR(10) DEFAULT NULL,
PRIMARY KEY (id)
) ENCRYPTION='Y';
INSERT INTO e1(text) VALUES('aaaaa');
INSERT INTO e1(text) VALUES('bbbbb');
#node-2 restarted (should get encrypted table through SST)
# restart
select * from e1;
id	text
1	aaaaa
2	bbbbb
show create table e1;
Table	Create Table
e1	CREATE TABLE `e1` (
  `id` int(11) NOT NULL AUTO_INCREMENT,
  `text` varchar(10) DEFAULT NULL,
  PRIMARY KEY (`id`)
) ENGINE=InnoDB AUTO_INCREMENT=3 DEFAULT CHARSET=latin1 ENCRYPTION='Y'
drop table e1;
#node-2 being killed
#node-1
CREATE TABLE e1 (
id INT NOT NULL AUTO_INCREMENT,
text VARCHAR(10) DEFAULT NULL,
PRIMARY KEY (id)
) ENCRYPTION='Y';
INSERT INTO e1(text) VALUES('aaaaa');
INSERT INTO e1(text) VALUES('bbbbb');
#node-2 restarted (should get encrypted table through IST)
# restart
select * from e1;
id	text
1	aaaaa
2	bbbbb
show create table e1;
Table	Create Table
e1	CREATE TABLE `e1` (
  `id` int(11) NOT NULL AUTO_INCREMENT,
  `text` varchar(10) DEFAULT NULL,
  PRIMARY KEY (`id`)
) ENGINE=InnoDB AUTO_INCREMENT=3 DEFAULT CHARSET=latin1 ENCRYPTION='Y'
drop table e1;
